<?xml version="1.0" encoding="ISO-8859-1"?>
<8uftp>
<Settings>
<Item name="Tool Normal Start" type="numeric">0</Item>
<Item name="Last Server Host" type="string">v0.ftp.upyun.com</Item>
<Item name="Last Server Port" type="numeric">3721</Item>
<Item name="Last Server User" type="string">jicheng/hzjaikan</Item>
<Item name="Last Server dont save pass" type="numeric">0</Item>
<Item name="Last server name" type="string"></Item>
<Item name="Last Server Pass" type="string">000012013032044082002002</Item>
<Item name="Last Server Firewall Bypass" type="numeric">0</Item>
<Item name="Last Server Path" type="string"></Item>
<Item name="Last Server Type" type="numeric">256</Item>
<Item name="Last Server transfer mode" type="numeric">0</Item>
<Item name="Default Folder" type="string">C:\Users\ji_cheng\Desktop\</Item>
<Item name="Last Window Size" type="string">1 378 436 2314 1082</Item>
<Item name="Last Splitter Pos" type="string">909 0 477 1432 476</Item>
<Item name="Pasv" type="numeric">1</Item>
</Settings>
<RecentServers>
<Server Host="ftp:\\10.135.193.164" Port="3721" User="anonymous" Pass="045047038047014" FirewallBypass="0" DontRememberPass="0" ServerType="256" Path="" PasvMode="0" TimeZoneOffset="0"/>
<Server Host="10.135.192.8" Port="3721" User="anonymous" Pass="045047038047014" FirewallBypass="0" DontRememberPass="0" ServerType="256" Path="" PasvMode="0" TimeZoneOffset="0"/>
<Server Host="10.135.192.142" Port="3721" User="anonymous" Pass="045047038047014" FirewallBypass="0" DontRememberPass="0" ServerType="256" Path="" PasvMode="0" TimeZoneOffset="0"/>
<Server Host="192.168.1.225" Port="3721" User="anonymous" Pass="045047038047014" FirewallBypass="0" DontRememberPass="0" ServerType="256" Path="" PasvMode="0" TimeZoneOffset="0"/>
<Server Host="10.135.192.169" Port="3721" User="anonymous" Pass="045047038047014" FirewallBypass="0" DontRememberPass="0" ServerType="256" Path="" PasvMode="0" TimeZoneOffset="0"/>
<Server Host="10.135.192.139" Port="3721" User="anonymous" Pass="045047038047014" FirewallBypass="0" DontRememberPass="0" ServerType="256" Path="" PasvMode="0" TimeZoneOffset="0"/>
<Server Host="10.135.192.131" Port="3721" User="anonymous" Pass="045047038047014" FirewallBypass="0" DontRememberPass="0" ServerType="256" Path="" PasvMode="0" TimeZoneOffset="0"/>
<Server Host="10.135.192.167" Port="3721" User="anonymous" Pass="045047038047014" FirewallBypass="0" DontRememberPass="0" ServerType="256" Path="" PasvMode="0" TimeZoneOffset="0"/>
<Server Host="10.135.192.9" Port="3721" User="anonymous" Pass="045047038047014" FirewallBypass="0" DontRememberPass="0" ServerType="256" Path="" PasvMode="0" TimeZoneOffset="0"/>
<Server Host="v0.ftp.upyun.com" Port="3721" User="jicheng/hzjaikan" Pass="000012013032044082002002" FirewallBypass="0" DontRememberPass="0" ServerType="256" Path="" PasvMode="0" TimeZoneOffset="0"/>
</RecentServers>
<Sites>
<Site Name="upai" Host="v0.ftp.upyun.com" Port="3721" User="jicheng/hzjaikan" RemoteDir="" LocalDir="" Pass="000012013032044082002002" Logontype="1" FWBypass="0" DontSavePass="0" ServerType="0" PasvMode="1" TimeZoneOffset="0" TimeZoneOffsetMinutes="0" Comments="" DefaultSite="0"/>
</Sites>
<TransferQueue/>
</8uftp>
